<manifest alg="2" build="2015.1.2.344" opt="true" iceEnabled="true" iceMarkupVersion="2" iceEnabledOptions="link,responsive" exportTarget="other" domain="onepage.html" resolutions="1x" timestamp="1462451601829">
  <folder name="css">
    <file name="site_global.css" crc="311892070"/>
    <file name="master_a-master.css" crc="4203624460" ref="index"/>
    <file name="nomq_preview_master_a-master.css" crc="321525473" ref="index"/>
    <file name="index.css" crc="85091819" ref="index"/>
    <file name="nomq_index.css" crc="217349467" ref="index"/>
  </folder>
  <folder name="fonts">
    <file name="soletobd.woff" crc="535647959"/>
    <file name="soletobd.eot" crc="3855177937"/>
    <file name="soletobd.svg" crc="223839227"/>
    <file name="soletorg.woff" crc="3921155212"/>
    <file name="soletorg.eot" crc="3863443003"/>
    <file name="soletorg.svg" crc="4172207705"/>
    <file name="soletoth.woff" crc="4054055985"/>
    <file name="soletoth.eot" crc="3947429346"/>
    <file name="soletoth.svg" crc="4281912868"/>
    <file name="soletolt.woff" crc="496778506"/>
    <file name="soletolt.eot" crc="3818720138"/>
    <file name="soletolt.svg" crc="429668681"/>
  </folder>
  <folder name="scripts">
    <file name="jquery-1.8.3.min.js" crc="207176553" ref="index"/>
    <file name="museutils.js" crc="3790713428" ref="index"/>
    <file name="whatinput.js" crc="84559013" ref="index"/>
    <file name="jquery.watch.js" crc="4244854265" ref="index"/>
    <file name="jquery.musepolyfill.bgsize.js" crc="3918880840" ref="index"/>
    <file name="pie.js" crc="3827607177" ref="index"/>
    <file name="webpro.js" crc="329496574" ref="index"/>
    <file name="musewpslideshow.js" crc="394033048" ref="index"/>
    <file name="jquery.museoverlay.js" crc="4265131668" ref="index"/>
    <file name="touchswipe.js" crc="497316881" ref="index"/>
    <file name="jquery.museresponsive.js" crc="3895133147" ref="index"/>
  </folder>
  <folder name="images">
    <file name="bg.jpg" crc="505436119" seo="true" ref="index"/>
    <file name="logobranco.png" crc="3817835271" seo="true" ref="index"/>
    <file name="setinhaprabaixo.png" crc="4002398591" seo="true" ref="index"/>
    <file name="topo.png" crc="3826551238" ref="index"/>
    <file name="1bfs5nbbpqn.png" crc="346702400" seo="true" ref="index"/>
    <file name="2bfs5tbbpqn.png" crc="3811611349" seo="true" ref="index"/>
    <file name="3bfs5qbbpqn.png" crc="307697745" seo="true" ref="index"/>
    <file name="4bfd5nbbpqn.png" crc="4186662996" seo="true" ref="index"/>
    <file name="5bfd5qbbpqn.png" crc="252068886" seo="true" ref="index"/>
    <file name="6bfs6nbbpqn.png" crc="364101519" seo="true" ref="index"/>
    <file name="istock_000044344116_xxxlarge-u1888-fr.jpg" crc="206197847" ref="index"/>
    <file name="istock_000085804239_xxxlarge.jpg" crc="383149422" ref="index"/>
    <file name="istock_000020484482_xxxlarge.jpg" crc="113887756" ref="index"/>
    <file name="fundo2.jpg" crc="389533241" ref="index"/>
    <file name="istock_000067710147_xxxlarge.jpg" crc="3793898216" ref="index"/>
    <file name="istock_000058265732_xxxlarge.jpg" crc="170052285" ref="index"/>
    <file name="1.jpg" crc="286268589" seo="true" ref="index"/>
    <file name="blank.gif" crc="4208392903" ref="index"/>
    <file name="2.jpg" crc="390826530" seo="true" ref="index"/>
    <file name="3.jpg" crc="170180439" seo="true" ref="index"/>
    <file name="4.jpg" crc="3852693391" seo="true" ref="index"/>
    <file name="1-crop-u6704.jpg" crc="176137285" ref="index"/>
    <file name="2-crop-u6700.jpg" crc="3881555069" ref="index"/>
    <file name="3-crop-u6698.jpg" crc="525232050" ref="index"/>
    <file name="4-crop-u6702.jpg" crc="4022503219" ref="index"/>
    <file name="loading.gif" crc="3815509949" ref="index"/>
    <file name="12.jpg" crc="4226935290" seo="true" ref="index"/>
    <file name="22.jpg" crc="4285724099" seo="true" ref="index"/>
    <file name="32.jpg" crc="8520085" seo="true" ref="index"/>
    <file name="42.jpg" crc="200616363" seo="true" ref="index"/>
    <file name="1-crop-u6563.jpg" crc="462474139" ref="index"/>
    <file name="2-crop-u6565.jpg" crc="4077670869" ref="index"/>
    <file name="3-crop-u6559.jpg" crc="265918280" ref="index"/>
    <file name="4-crop-u6561.jpg" crc="4216727245" ref="index"/>
    <file name="13.jpg" crc="4264205637" seo="true" ref="index"/>
    <file name="23.jpg" crc="222717022" seo="true" ref="index"/>
    <file name="33.jpg" crc="494308080" seo="true" ref="index"/>
    <file name="43.jpg" crc="3845531504" seo="true" ref="index"/>
    <file name="1-crop-u2703.jpg" crc="4228853320" ref="index"/>
    <file name="2-crop-u2723.jpg" crc="4036420884" ref="index"/>
    <file name="3-crop-u2743.jpg" crc="3825013280" ref="index"/>
    <file name="4-crop-u2763.jpg" crc="168382808" ref="index"/>
    <file name="14.jpg" crc="204594049" seo="true" ref="index"/>
    <file name="24.jpg" crc="3965940512" seo="true" ref="index"/>
    <file name="34.jpg" crc="62851560" seo="true" ref="index"/>
    <file name="44.jpg" crc="4012860880" seo="true" ref="index"/>
    <file name="1-crop-u3916.jpg" crc="3763429437" ref="index"/>
    <file name="2-crop-u4024.jpg" crc="354675892" ref="index"/>
    <file name="3-crop-u4044.jpg" crc="260553541" ref="index"/>
    <file name="4-crop-u4064.jpg" crc="23788789" ref="index"/>
    <file name="15.jpg" crc="333819844" seo="true" ref="index"/>
    <file name="25.jpg" crc="4025173106" seo="true" ref="index"/>
    <file name="35.jpg" crc="95600207" seo="true" ref="index"/>
    <file name="45.jpg" crc="122825456" seo="true" ref="index"/>
    <file name="1-crop-u6160.jpg" crc="397740322" ref="index"/>
    <file name="2-crop-u6156.jpg" crc="462927197" ref="index"/>
    <file name="3-crop-u6158.jpg" crc="271718232" ref="index"/>
    <file name="4-crop-u6162.jpg" crc="182612454" ref="index"/>
    <file name="16.jpg" crc="4120061694" seo="true" ref="index"/>
    <file name="26.jpg" crc="227428790" seo="true" ref="index"/>
    <file name="36.jpg" crc="4102552969" seo="true" ref="index"/>
    <file name="46.jpg" crc="375492432" seo="true" ref="index"/>
    <file name="1-crop-u6415.jpg" crc="443631982" ref="index"/>
    <file name="2-crop-u6417.jpg" crc="4179971279" ref="index"/>
    <file name="3-crop-u6411.jpg" crc="3920002364" ref="index"/>
    <file name="4-crop-u6413.jpg" crc="4146161727" ref="index"/>
    <file name="bfs5nbb.png" crc="3983743364" seo="true" ref="index"/>
    <file name="bfs5tbb.png" crc="145184712" seo="true" ref="index"/>
    <file name="bfs5qbb.png" crc="125701109" seo="true" ref="index"/>
    <file name="bfd5nbb.png" crc="4210327936" seo="true" ref="index"/>
    <file name="bfd5qbb.png" crc="513607717" seo="true" ref="index"/>
    <file name="bfs6nbb.png" crc="4251590601" seo="true" ref="index"/>
    <file name="soberia.png" crc="4293221759" seo="true" ref="index"/>
    <file name="baixaria1.png" crc="4199341681" seo="true" ref="index"/>
    <file name="laranjinhabase.png" crc="297358383" ref="index"/>
    <file name="1-crop-u3910.jpg" crc="481441634" ref="index"/>
    <file name="2-crop-u4018.jpg" crc="4039088387" ref="index"/>
    <file name="3-crop-u4038.jpg" crc="4268931188" ref="index"/>
    <file name="4-crop-u4058.jpg" crc="4254869177" ref="index"/>
    <file name="1-crop-u39162.jpg" crc="3867541596" ref="index"/>
    <file name="2-crop-u40242.jpg" crc="182693826" ref="index"/>
    <file name="3-crop-u40442.jpg" crc="3992378181" ref="index"/>
    <file name="4-crop-u40642.jpg" crc="484677025" ref="index"/>
    <file name="1-crop-u6149.jpg" crc="3817095010" ref="index"/>
    <file name="2-crop-u6153.jpg" crc="46091630" ref="index"/>
    <file name="3-crop-u6151.jpg" crc="204042228" ref="index"/>
    <file name="4-crop-u6147.jpg" crc="4034438794" ref="index"/>
    <file name="1-crop-u61602.jpg" crc="3778714914" ref="index"/>
    <file name="2-crop-u61562.jpg" crc="361418720" ref="index"/>
    <file name="3-crop-u61582.jpg" crc="4002408668" ref="index"/>
    <file name="4-crop-u61622.jpg" crc="4174868497" ref="index"/>
    <file name="1-crop-u6425.jpg" crc="160105251" ref="index"/>
    <file name="2-crop-u6427.jpg" crc="430430323" ref="index"/>
    <file name="3-crop-u6423.jpg" crc="96857481" ref="index"/>
    <file name="4-crop-u6429.jpg" crc="812235" ref="index"/>
    <file name="1-crop-u64152.jpg" crc="422474215" ref="index"/>
    <file name="2-crop-u64172.jpg" crc="194097145" ref="index"/>
    <file name="3-crop-u64112.jpg" crc="264990850" ref="index"/>
    <file name="4-crop-u64132.jpg" crc="4086441805" ref="index"/>
    <file name="1-crop-u27032.jpg" crc="4135209335" ref="index"/>
    <file name="2-crop-u27232.jpg" crc="354121054" ref="index"/>
    <file name="3-crop-u27432.jpg" crc="174002704" ref="index"/>
    <file name="4-crop-u27632.jpg" crc="192932861" ref="index"/>
    <file name="1-crop-u65632.jpg" crc="3789247035" ref="index"/>
    <file name="2-crop-u65652.jpg" crc="436155018" ref="index"/>
    <file name="3-crop-u65592.jpg" crc="169180084" ref="index"/>
    <file name="4-crop-u65612.jpg" crc="3774207950" ref="index"/>
    <file name="1-crop-u6678.jpg" crc="355920919" ref="index"/>
    <file name="2-crop-u6682.jpg" crc="4175353687" ref="index"/>
    <file name="3-crop-u6680.jpg" crc="473271210" ref="index"/>
    <file name="4-crop-u6684.jpg" crc="183244880" ref="index"/>
    <file name="1-crop-u67042.jpg" crc="4254219035" ref="index"/>
    <file name="2-crop-u67002.jpg" crc="4214028535" ref="index"/>
    <file name="3-crop-u66982.jpg" crc="74093815" ref="index"/>
    <file name="4-crop-u67022.jpg" crc="3856131481" ref="index"/>
    <file name="1-crop-u27033.jpg" crc="4174684712" ref="index"/>
    <file name="2-crop-u27233.jpg" crc="360190164" ref="index"/>
    <file name="3-crop-u27433.jpg" crc="4221154013" ref="index"/>
    <file name="4-crop-u27633.jpg" crc="4247014946" ref="index"/>
    <file name="1-crop-u39102.jpg" crc="481441634" ref="index"/>
    <file name="2-crop-u40182.jpg" crc="4039088387" ref="index"/>
    <file name="3-crop-u40382.jpg" crc="4268931188" ref="index"/>
    <file name="4-crop-u40582.jpg" crc="4254869177" ref="index"/>
    <file name="1-crop-u39163.jpg" crc="172380822" ref="index"/>
    <file name="2-crop-u40243.jpg" crc="194022693" ref="index"/>
    <file name="3-crop-u40443.jpg" crc="4044232130" ref="index"/>
    <file name="4-crop-u40643.jpg" crc="4058389327" ref="index"/>
    <file name="1-crop-u65633.jpg" crc="4266727250" ref="index"/>
    <file name="2-crop-u65653.jpg" crc="4035127106" ref="index"/>
    <file name="3-crop-u65593.jpg" crc="74614539" ref="index"/>
    <file name="4-crop-u65613.jpg" crc="133673504" ref="index"/>
    <file name="1-crop-u66782.jpg" crc="355920919" ref="index"/>
    <file name="2-crop-u66822.jpg" crc="4175353687" ref="index"/>
    <file name="3-crop-u66802.jpg" crc="473271210" ref="index"/>
    <file name="4-crop-u66842.jpg" crc="183244880" ref="index"/>
    <file name="1-crop-u67043.jpg" crc="428960352" ref="index"/>
    <file name="2-crop-u67003.jpg" crc="3961160304" ref="index"/>
    <file name="3-crop-u66983.jpg" crc="229488510" ref="index"/>
    <file name="4-crop-u67023.jpg" crc="267711872" ref="index"/>
    <file name="1-crop-u61492.jpg" crc="3817095010" ref="index"/>
    <file name="2-crop-u61532.jpg" crc="46091630" ref="index"/>
    <file name="3-crop-u61512.jpg" crc="204042228" ref="index"/>
    <file name="4-crop-u61472.jpg" crc="4034438794" ref="index"/>
    <file name="1-crop-u61603.jpg" crc="86814448" ref="index"/>
    <file name="2-crop-u61563.jpg" crc="3830941652" ref="index"/>
    <file name="3-crop-u61583.jpg" crc="4162126837" ref="index"/>
    <file name="4-crop-u61623.jpg" crc="67302951" ref="index"/>
    <file name="1-crop-u64252.jpg" crc="160105251" ref="index"/>
    <file name="2-crop-u64272.jpg" crc="430430323" ref="index"/>
    <file name="3-crop-u64232.jpg" crc="96857481" ref="index"/>
    <file name="4-crop-u64292.jpg" crc="812235" ref="index"/>
    <file name="1-crop-u64153.jpg" crc="4279070582" ref="index"/>
    <file name="2-crop-u64173.jpg" crc="28571068" ref="index"/>
    <file name="3-crop-u64113.jpg" crc="4287563037" ref="index"/>
    <file name="462x51.jpg" crc="128859791" seo="true" ref="index"/>
    <file name="istock_000020484482_xxxlarge-u6128-fr.jpg" crc="74493826" ref="index"/>
    <file name="fundo2-u6396-fr.jpg" crc="4007044191" ref="index"/>
    <file name="istock_000058265732_xxxlarge-u6670-fr.jpg" crc="3992775934" ref="index"/>
    <file name="1-crop-u2697.jpg" crc="4041044350" ref="index"/>
    <file name="2-crop-u2717.jpg" crc="251429888" ref="index"/>
    <file name="3-crop-u2737.jpg" crc="4180261013" ref="index"/>
    <file name="4-crop-u2757.jpg" crc="4233937761" ref="index"/>
    <file name="1-crop-u27034.jpg" crc="221477809" ref="index"/>
    <file name="2-crop-u27234.jpg" crc="3774827538" ref="index"/>
    <file name="3-crop-u27434.jpg" crc="4233287869" ref="index"/>
    <file name="4-crop-u27634.jpg" crc="192932861" ref="index"/>
    <file name="1-crop-u39103.jpg" crc="3815904664" ref="index"/>
    <file name="2-crop-u40183.jpg" crc="3895860666" ref="index"/>
    <file name="3-crop-u40383.jpg" crc="316523075" ref="index"/>
    <file name="4-crop-u40583.jpg" crc="189441923" ref="index"/>
    <file name="1-crop-u39164.jpg" crc="4224302533" ref="index"/>
    <file name="2-crop-u40244.jpg" crc="445691673" ref="index"/>
    <file name="3-crop-u40444.jpg" crc="4178922489" ref="index"/>
    <file name="4-crop-u40644.jpg" crc="3835397173" ref="index"/>
    <file name="1-crop-u61493.jpg" crc="4281765892" ref="index"/>
    <file name="2-crop-u61533.jpg" crc="483112211" ref="index"/>
    <file name="3-crop-u61513.jpg" crc="534614089" ref="index"/>
    <file name="4-crop-u61473.jpg" crc="4148881225" ref="index"/>
    <file name="1-crop-u61604.jpg" crc="444787634" ref="index"/>
    <file name="2-crop-u61564.jpg" crc="4153252117" ref="index"/>
    <file name="3-crop-u61584.jpg" crc="176510176" ref="index"/>
    <file name="4-crop-u61624.jpg" crc="4077034517" ref="index"/>
    <file name="1-crop-u64253.jpg" crc="3766641649" ref="index"/>
    <file name="2-crop-u64273.jpg" crc="265101240" ref="index"/>
    <file name="3-crop-u64233.jpg" crc="200582975" ref="index"/>
    <file name="4-crop-u64293.jpg" crc="3860466111" ref="index"/>
    <file name="1-crop-u64154.jpg" crc="16184847" ref="index"/>
    <file name="2-crop-u64174.jpg" crc="136810058" ref="index"/>
    <file name="3-crop-u64114.jpg" crc="53601024" ref="index"/>
    <file name="4-crop-u64133.jpg" crc="3927752893" ref="index"/>
    <file name="1-crop-u6551.jpg" crc="392845871" ref="index"/>
    <file name="2-crop-u6547.jpg" crc="252899104" ref="index"/>
    <file name="3-crop-u6549.jpg" crc="517576393" ref="index"/>
    <file name="4-crop-u6553.jpg" crc="3945403110" ref="index"/>
    <file name="1-crop-u65634.jpg" crc="109507681" ref="index"/>
    <file name="2-crop-u65654.jpg" crc="4102317010" ref="index"/>
    <file name="3-crop-u65594.jpg" crc="5326568" ref="index"/>
    <file name="4-crop-u65614.jpg" crc="4104068762" ref="index"/>
    <file name="1-crop-u66783.jpg" crc="282538797" ref="index"/>
    <file name="2-crop-u66823.jpg" crc="3764762839" ref="index"/>
    <file name="3-crop-u66803.jpg" crc="3842753342" ref="index"/>
    <file name="4-crop-u66843.jpg" crc="3786937601" ref="index"/>
    <file name="1-crop-u67044.jpg" crc="478307661" ref="index"/>
    <file name="2-crop-u67004.jpg" crc="516149779" ref="index"/>
    <file name="3-crop-u66984.jpg" crc="3937484449" ref="index"/>
    <file name="4-crop-u67024.jpg" crc="284817867" ref="index"/>
  </folder>
  <file name="index.html" crc="4245904196" seo="true" mt="1462451481397" redirect="true"/>
</manifest>